Gene,JCP_ID,Similarity,Num_Replicates
ITGB1,JCP2022_803497,0.3552695,5
VCL,JCP2022_807633,0.31635165,6
PTK2,JCP2022_805663,0.2880099,5
ITGB3,JCP2022_803498,0.08477044,5
SRC,JCP2022_806762,0.07309287,5
ITGA5,JCP2022_803489,0.060475815,6
FN1,JCP2022_802434,-0.29809558,5
